s,true,pred5,pred10,pred15,pred20,err5,err10,err15,err20
1,0,0.04624778812,0.0008403310837,0.1786596426,5.870390911e-06,0.04624778812,0.0008403310837,0.1786596426,5.870390911e-06
1.113924051,0.107888962,0.1308482951,0.1074976202,0.2164248479,1.688338018e-05,0.02295933308,-0.0003913417918,0.1085358859,-0.1078720786
1.227848101,0.205263126,0.2118591109,0.2046500642,0.2593829212,4.381313599e-05,0.006595984841,-0.0006130618781,0.05411979517,-0.2052193129
1.341772152,0.2939912416,0.2894139983,0.2935772044,0.3072878305,0.0001041977766,-0.00457724338,-0.0004140372015,0.01329658887,-0.2938870439
1.455696203,0.3754842759,0.3636440827,0.3753780803,0.359708028,0.0002299129948,-0.01184019322,-0.0001061955923,-0.0157762479,-0.3752543629
1.569620253,0.4508337131,0.4346778521,0.4509939878,0.4160441299,0.0004753354021,-0.01615586102,0.0001602746466,-0.03478958328,-0.4503583777
1.683544304,0.5209012758,0.5026411572,0.5212289042,0.4755560346,0.0009281997401,-0.01826011852,0.000327628483,-0.04534524116,-0.519973076
1.797468354,0.5863792051,0.5676572113,0.586767757,0.5373974008,0.001723206537,-0.01872199387,0.0003885518353,-0.04898180438,-0.5846559986
1.911392405,0.6478319843,0.6298465901,0.6481927058,0.6006551094,0.003058092495,-0.01798539428,0.0003607214767,-0.04717687498,-0.6447738919
2.025316456,0.7057259628,0.6893272321,0.7059976007,0.6643912109,0.005211446752,-0.01639873066,0.0002716379318,-0.04133475188,-0.700514516
2.139240506,0.7604508625,0.7462144385,0.7606007664,0.7276848852,0.008561074463,-0.014236424,0.0001499039439,-0.03276597726,-0.751889788
2.253164557,0.8123356978,0.8006208728,0.8123562589,0.7896721069,0.0136012209,-0.01171482503,2.056111681e-05,-0.02266359092,-0.7987344769
2.367088608,0.8616607644,0.8526565614,0.8615637292,0.8495809825,0.02095653063,-0.009004202951,-9.703516521e-05,-0.01207978191,-0.8407042338
2.481012658,0.9086668068,0.9024288933,0.9084770222,0.9067610862,0.03139028904,-0.006237913482,-0.0001897846065,-0.001905720587,-0.8772765177
2.594936709,0.9535621267,0.9500426199,0.9533116317,0.9607055411,0.045804339,-0.003519506821,-0.0002504950135,0.00714341438,-0.9077577877
2.708860759,0.9965281626,0.9955998553,0.9962511244,1.011065045,0.06522813812,-0.0009283072803,-0.0002770381525,0.01453688239,-0.9313000244
2.82278481,1.037723919,1.039200076,1.037452638,1.057653504,0.09079476333,0.001476157302,-0.0002712808773,0.01992958481,-0.9469291557
2.936708861,1.077289519,1.080940122,1.077051553,1.100445384,0.1237023008,0.003650603067,-0.0002379661106,0.0231558651,-0.9535872184
3.050632911,1.115349081,1.120914195,1.115165429,1.139565314,0.1651599786,0.005565114126,-0.0001836521471,0.02421623321,-0.9501891024
3.164556962,1.152013065,1.15921386,1.151897292,1.175270826,0.2163195771,0.007200794126,-0.0001157738169,0.02325776039,-0.9356934883
3.278481013,1.187380209,1.195928043,1.187338351,1.20792944,0.2781940278,0.008547833333,-4.185847142e-05,0.02054923116,-0.9091861814
3.392405063,1.221539128,1.231143034,1.221570219,1.237991524,0.3515666024,0.009603906035,3.109095329e-05,0.01645239595,-0.8699725257
3.506329114,1.254569654,1.264942486,1.254666701,1.265960492,0.4368955829,0.01037283275,9.704737805e-05,0.01139083867,-0.8176740708
3.620253165,1.286543958,1.297407415,1.286695214,1.292362015,0.5342206714,0.0108634564,0.0001512561267,0.00581805625,-0.752323287
3.734177215,1.317527504,1.328616197,1.317717897,1.317713849,0.6430784923,0.01108869269,0.0001903927753,0.0001863450079,-0.6744490116
3.848101266,1.347579849,1.358644572,1.347792451,1.342497855,0.7624352353,0.0110647232,0.0002126016755,-0.005081994277,-0.5851446137
3.962025316,1.376755338,1.387565644,1.376972774,1.367135562,0.8906446415,0.01081030625,0.0002174359575,-0.009619776561,-0.4861106965
4.075949367,1.405103693,1.415449879,1.405309413,1.391968452,1.025439055,0.01034618552,0.0002057200265,-0.01313524126,-0.3796646385
4.189873418,1.432670523,1.442365103,1.432849878,1.41724384,1.163960063,0.009694580099,0.0001793548961,-0.01542668332,-0.2687104601
4.303797468,1.459497765,1.468376508,1.459638851,1.443106916,1.302833335,0.008878743116,0.000141085432,-0.01639084878,-0.1566644298
4.417721519,1.48562407,1.493546648,1.485718317,1.469599201,1.43828962,0.007922577902,9.424689245e-05,-0.01602486881,-0.04733444964
4.53164557,1.511085134,1.517935437,1.51112764,1.496663289,1.566330639,0.006850303117,4.250620161e-05,-0.01442184543,0.05524550514
4.64556962,1.535913996,1.541600155,1.535903607,1.524153462,1.68293492,0.005686159427,-1.038871194e-05,-0.01176053405,0.1470209248
4.759493671,1.560141291,1.564595443,1.560080451,1.551851414,1.784294692,0.004454151735,-6.084036188e-05,-0.008289876667,0.2241534011
4.873417722,1.583795482,1.586973304,1.583689877,1.579486071,1.867071086,0.003177821896,-0.0001056049749,-0.004309411274,0.283275604
4.987341772,1.606903057,1.608783105,1.606761096,1.606756253,1.9286514,0.001880047712,-0.0001419607734,-0.0001468041196,0.3217483433
5.101265823,1.629488709,1.630071574,1.629320873,1.633354798,1.967389382,0.000582864616,-0.0001678365351,0.003866088615,0.3379006729
5.215189873,1.651575497,1.650882804,1.651393599,1.658992631,1.982807783,-0.000692692936,-0.0001818976611,0.007417133913,0.3312322863
5.329113924,1.673184981,1.671258248,1.673001392,1.683421283,1.975742124,-0.001926732938,-0.0001835888242,0.01023630134,0.302557143
5.443037975,1.694337356,1.691236724,1.694164222,1.706452424,1.948405998,-0.003100632339,-0.0001731339619,0.01211506772,0.2540686421
5.556962025,1.715051561,1.71085441,1.714900065,1.727973114,1.904361476,-0.004197150444,-0.0001514959107,0.01292155365,0.1893099156
5.670886076,1.73534538,1.730144849,1.735225081,1.747955702,1.848383399,-0.00520053081,-0.0001202993361,0.01261032221,0.1130380186
5.784810127,1.755235538,1.749138945,1.755153817,1.766461603,1.786213427,-0.006096592997,-8.172178937e-05,0.01122606453,0.03097788886
5.898734177,1.774737782,1.767864966,1.774699423,1.783638531,1.724208453,-0.00687281538,-3.835871149e-05,0.008900748996,-0.05052932837
6.012658228,1.793866952,1.786348542,1.793873883,1.799711161,1.66889789,-0.007518410038,6.931005834e-06,0.005844209132,-0.1249690616
6.126582278,1.812637054,1.804612664,1.812688246,1.814965624,1.626474871,-0.008024390607,5.119169855e-05,0.002328569929,-0.1861621836
6.240506329,1.831061322,1.822677688,1.831152864,1.829728666,1.602256604,-0.008383633889,9.154225625e-05,-0.001332655237,-0.228804718
6.35443038,1.849152267,1.840561331,1.849277612,1.844342718,1.600158113,-0.008590935882,0.0001253443245,-0.004809548935,-0.2489941546
6.46835443,1.866921738,1.858278675,1.867072097,1.859138506,1.622230209,-0.008643062834,0.0001503596428,-0.007783231529,-0.2446915284
6.582278481,1.884380959,1.875842161,1.884545848,1.874407131,1.668315624,-0.00853879784,0.0001648890141,-0.009973828424,-0.2160653349
6.696202532,1.901540579,1.893261596,1.901708465,1.890373764,1.735875654,-0.008278983437,0.0001678858644,-0.01116681539,-0.1656649252
6.810126582,1.918410708,1.910544147,1.918569746,1.90717521,1.82003249,-0.007866560612,0.0001590380177,-0.01123549787,-0.09837821774
6.924050633,1.93500095,1.927694345,1.935139762,1.924843524,1.913858885,-0.007306604564,0.0001388122006,-0.01015742564,-0.02114206501
7.037974684,1.951320442,1.944714084,1.951428899,1.94329769,2.008926787,-0.00660635756,0.0001084568965,-0.008022751329,0.05760634563
7.151898734,1.967377879,1.96160262,1.967447839,1.962344954,2.096100374,-0.00577525914,6.996049658e-05,-0.005032924613,0.128722495
7.265822785,1.983181544,1.97835657,1.983207507,1.981692864,2.166527727,-0.004824973947,2.596323463e-05,-0.001488680168,0.1833461833
7.379746835,1.998739334,1.994969917,1.998718957,2.000972308,2.212751306,-0.003769417383,-2.03768402e-05,0.002232973659,0.2140119718
7.493670886,2.014058782,2.011434003,2.013993221,2.019770926,2.229823474,-0.002624779303,-6.556160962e-05,0.005712143679,0.2157646914
7.607594937,2.029147082,2.027737536,2.029041112,2.037675223,2.216283953,-0.001409545919,-0.0001059699143,0.008528140618,0.1871368707
7.721518987,2.044011105,2.043866585,2.043872998,2.054318544,2.174836246,-0.0001445200854,-0.0001381069845,0.01030743904,0.1308251416
7.835443038,2.05865742,2.05980458,2.058498543,2.069430923,2.112556344,0.001147159918,-0.0001588767543,0.01077350277,0.05389892368
7.949367089,2.073092314,2.075532317,2.072926449,2.08288566,2.040485395,0.002440002943,-0.0001658646622,0.009793345696,-0.03260691888
8.063291139,2.087321803,2.091027952,2.087164188,2.09473656,1.97250551,0.003706148781,-0.0001576154578,0.007414757021,-0.1148162933
8.17721519,2.101351651,2.106267004,2.101217764,2.105239148,1.923479475,0.0049153531,-0.000133887199,0.003887496363,-0.1778721762
8.291139241,2.115187383,2.121222357,2.115091524,2.11484903,1.906753369,0.006034973432,-9.585910703e-05,-0.0003383534578,-0.2084340145
8.405063291,2.128834297,2.135864253,2.12878803,2.124191223,1.931274727,0.007029956108,-4.626716649e-05,-0.004643074034,-0.19755957
8.518987342,2.142297477,2.150160301,2.14230804,2.133995849,1.998758338,0.007862824076,1.056262052e-05,-0.008301628418,-0.1435391388
8.632911392,2.155581805,2.164075471,2.155650623,2.144998529,2.101517849,0.008493665534,6.88176222e-05,-0.01058327603,-0.05406395671
8.746835443,2.168691971,2.177572095,2.168813449,2.157808431,2.221739538,0.008880123296,0.0001214773393,-0.0108835399,0.05304756671
8.860759494,2.181632483,2.190609867,2.181793294,2.172753639,2.333048835,0.008977384857,0.0001608109357,-0.008878843987,0.1514163528
8.974683544,2.194407674,2.203145847,2.194586816,2.189722896,2.405128434,0.008738173088,0.0001791417858,-0.004684778536,0.2107207602
9.088607595,2.207021717,2.215134454,2.207191649,2.208035342,2.411768198,0.008112737518,0.0001699324273,0.001013625278,0.2047464814
9.202531646,2.219478625,2.226527471,2.219607874,2.226386285,2.341894507,0.007048846157,0.0001292485908,0.006907660028,0.1224158823
9.316455696,2.231782266,2.237274044,2.231839933,2.242938115,2.211612612,0.005491777832,5.766656283e-05,0.01115584836,-0.02016965425
9.430379747,2.243936366,2.247320681,2.24389906,2.255651981,2.072795898,0.003384314971,-3.730611064e-05,0.01171561547,-0.1711404682
9.544303797,2.255944516,2.256611252,2.255806295,2.262988784,2.00986743,0.0006667368395,-0.000138220569,0.007044268121,-0.2460770858
9.658227848,2.267810179,2.265086992,2.267596174,2.265148413,2.110628545,-0.002723186836,-0.0002140049954,-0.002661766143,-0.1571816335
9.772151899,2.279536698,2.272686496,2.279321175,2.266065298,2.388627768,-0.006850201861,-0.0002155227172,-0.0134713991,0.10909107
9.886075949,2.291127297,2.279345722,2.291057023,2.276437339,2.622789562,-0.01178157523,-7.027470863e-05,-0.01468995794,0.3316622644
10,2.302585093,2.284997993,2.302908949,2.318135848,2.063786387,-0.01758710044,0.0003238557524,0.01555075468,-0.2387987056
